DELETE FROM KAMIL.DANEADMINISTRATOR;
DELETE FROM KAMIL.DANEBROKER;
DELETE FROM KAMIL.DANEKLIENT;
DELETE FROM KAMIL.DANEPERSONALNE;
DELETE FROM KAMIL.KATPRDWGSEKTORA;
DELETE FROM KAMIL.KONTO;
DELETE FROM KAMIL.PRODUKT;
DELETE FROM KAMIL.SEKTORYPRODUKTOW;
DELETE FROM KAMIL.ZATWIERDZONEZLECENIE;

INSERT INTO KAMIL.KONTO (ID, TYP, AKTYWNE, LOGIN, HASLO, POTWIERDZENIE) VALUES (1, 'KLIENT', 1, 'KLIENT_1', 'HASLOKLIENT_1', 1);
INSERT INTO KAMIL.DANEPERSONALNE (ID, IMIE, NAZWISKO, EMAIL, TELEFON, KONTO_ID) VALUES (1, 'ADAM', 'ADAMSKI', 'ADAM@ADAMSKI.PL', '100100100', 1);
INSERT INTO KAMIL.DANEKLIENT (ID, NIP, KONTO_ID) VALUES (1, '1000000000', 1);

INSERT INTO KAMIL.KONTO (ID, TYP, AKTYWNE, LOGIN, HASLO, POTWIERDZENIE) VALUES (2, 'BROKER', 1, 'BROKER_1', 'HASLOBROKER_1', 1);
INSERT INTO KAMIL.DANEPERSONALNE (ID, IMIE, NAZWISKO, EMAIL, TELEFON, KONTO_ID) VALUES (2, 'BORYS', 'BORYSKI', 'BORYS@BORYSKI.PL', '200200200', 2);
INSERT INTO KAMIL.DANEBROKER (ID, TELEFONSUPPORT, KONTO_ID) VALUES (1, '200200200', 2);

INSERT INTO KAMIL.KONTO (ID, TYP, AKTYWNE, LOGIN, HASLO, POTWIERDZENIE) VALUES (3, 'ADMINISTRATOR', 1, 'ADMINISTRATOR_1', 'HASLOADMIN_1', 1);
INSERT INTO KAMIL.DANEPERSONALNE (ID, IMIE, NAZWISKO, EMAIL, TELEFON, KONTO_ID) VALUES (3, 'CYRYL', 'CYRYLSKI', 'CYRYL@CYRYLSKI.PL', '300300300', 3);
INSERT INTO KAMIL.DANEADMINISTRATOR (ID, TELEFONALARM, KONTO_ID) VALUES (1, '300300300', 3);

INSERT INTO KAMIL.PRODUKT (ID, KURS, NAZWAPELNA, SKROT, STAN) VALUES (1, 41.34,
    'POWSZECHNA KASA OSZCZĘDNOŚCI BANK POLSKI SPÓŁKA AKCYJNA', 'PKOBP', 1250000000);
INSERT INTO KAMIL.PRODUKT (ID, KURS, NAZWAPELNA, SKROT, STAN) VALUES (2, 97.34,
    'POLSKI KONCERN NAFTOWY ORLEN SPÓŁKA AKCYJNA', 'PKNORLEN', 427709061);
INSERT INTO KAMIL.PRODUKT (ID, KURS, NAZWAPELNA, SKROT, STAN) VALUES (3, 1.43,
    'ABC DATA SPÓŁKA AKCYJNA', 'ABC', 125266899);
INSERT INTO KAMIL.PRODUKT (ID, KURS, NAZWAPELNA, SKROT, STAN) VALUES (4, 223,
    'CD PROJEKT SPÓŁKA AKCYJNA', 'CDR', 96120000);
INSERT INTO KAMIL.PRODUKT (ID, KURS, NAZWAPELNA, SKROT, STAN) VALUES (5, 43.26,
    'JASTRZĘBSKA SPÓŁKA WĘGLOWA SPÓŁKA AKCYJNA', 'JSW', 117411596);

INSERT INTO KAMIL.SEKTORYPRODUKTOW (ID, NAZWA, OPIS) VALUES (1, 'BANKI', 'SEGMENT_PODSTAWOWY');
INSERT INTO KAMIL.SEKTORYPRODUKTOW (ID, NAZWA, OPIS) VALUES (2, 'WYDOBYWCZE', 'SEGMENT_PODSTAWOWY');
INSERT INTO KAMIL.SEKTORYPRODUKTOW (ID, NAZWA, OPIS) VALUES (3, 'IT', 'SEGMENT_PODSTAWOWY');

INSERT INTO KAMIL.PRZYPISANIESEKTORY (PRODUKT_ID, SEKTORYPRODUKTOW_ID) VALUES (1,1);
INSERT INTO KAMIL.PRZYPISANIESEKTORY (PRODUKT_ID, SEKTORYPRODUKTOW_ID) VALUES (2,2);
INSERT INTO KAMIL.PRZYPISANIESEKTORY (PRODUKT_ID, SEKTORYPRODUKTOW_ID) VALUES (3,3);
INSERT INTO KAMIL.PRZYPISANIESEKTORY (PRODUKT_ID, SEKTORYPRODUKTOW_ID) VALUES (4,3);
INSERT INTO KAMIL.PRZYPISANIESEKTORY (PRODUKT_ID, SEKTORYPRODUKTOW_ID) VALUES (5,2);